instruction,total_energy_pj,calls,energy_per_call_pj,pct_of_best_total
gemm,864737.28,2,432368.64,75.658736
softmax,235288.5324,1,235288.5324,20.586175
load_rm,14306.19205,2,7153.096026,1.251696
mov,14306.19205,2,7153.096026,1.251696
load_cm,7153.096026,1,7153.096026,0.625848
store_rm,7153.096026,1,7153.096026,0.625848
