instruction,total_energy_pj,calls,energy_per_call_pj,pct_of_best_total
gemm,864737.28,2,432368.64,71.294967
softmax,305245.029,1,305245.029,25.166527
load_rm,14306.19205,2,7153.096026,1.179502
mov,14306.19205,2,7153.096026,1.179502
load_cm,7153.096026,1,7153.096026,0.589751
store_rm,7153.096026,1,7153.096026,0.589751
