instruction,total_energy_pj,calls,energy_per_call_pj,pct_of_best_total
gemm,851937.28,2,425968.64,70.988805
softmax,305245.029,1,305245.029,25.434947
load_rm,14306.19205,2,7153.096026,1.192082
mov,14306.19205,2,7153.096026,1.192082
load_cm,7153.096026,1,7153.096026,0.596041
store_rm,7153.096026,1,7153.096026,0.596041
