{
  "ip_id": "mesh_compute",
  "model_form": "energy(N)=a*N+b",
  "coef_value": 0.002601733764717949,
  "intercept": -4.696789333347162e-06,
  "rmse": 1.2813361403691454e-05,
  "r2": 0.9999999982230804,
  "fit_points": [
    1.0,
    16.0,
    256.0
  ],
  "fit_dynamic_energy_uj": [
    0.0026122336080000004,
    0.04160689702399999,
    0.666040096768
  ]
}
