{
  "ip_id": "activation_compute",
  "model_form": "energy(N)=a*N+b",
  "coef_value": 0.000142961579373978,
  "intercept": 6.0397055328002824e-05,
  "rmse": 2.0165087141078706e-05,
  "r2": 0.9999985424339402,
  "fit_points": [
    1.0,
    16.0,
    256.0
  ],
  "fit_dynamic_energy_uj": [
    0.00017944286340000002,
    0.00237319283232,
    0.036657066639360004
  ]
}
