{
  "ip_id": "transposer_compute",
  "model_form": "energy(N)=a*N+b",
  "coef_value": 5.248765830605128e-05,
  "intercept": -1.3291444906661047e-06,
  "rmse": 3.4862523253131617e-07,
  "r2": 0.9999999967680057,
  "fit_points": [
    1.0,
    16.0,
    256.0
  ],
  "fit_dynamic_energy_uj": [
    5.157198296000001e-05,
    0.0008380340774399999,
    0.01343553722368
  ]
}
